,Address,latitude,longitude
0,"8402 Mayview Drive Austin, Texas",30.2998731,-97.6244907
1,"7201 Levander Loop Austin, Texas",30.2527847,-97.6904186
2,"5411 Overbrook Dr Austin, Texas",30.3014622,-97.6830242
3,"11912 Jones Road Austin, Texas",30.2255749,-97.8038878
4,"Briar Creek Loop And Great Valley Dr Austin, Texas",30.3243993,-97.5292707
5,"11410 Jim Thorte Austin, Texas",30.1522049,-97.8406838
6,"8407 Coulver Rd Austin, Texas",30.1173239,-97.7266788
7,"7920 Old Lockhart Austin, Texas",30.0587472,-97.7044007
8,"West Anderson Lane And Shoal Creek Blvd Austin, Texas",30.3609725,-97.74088309999999
9,"1009 Brass Street Austin, Texas",30.2643141,-97.70393179999999
10,"3017 Ih 35 Austin, Texas",30.2260247,-97.74434389999999
11,"22208 Ann Showers Austin, Texas",30.271325,-97.4663029
12,"7131 Oak Hollow Dr Austin, Texas",30.37146389999999,-97.705423
13,"403 E Ben White Blvd Austin, Texas",30.2198188,-97.76100339999999
14,"1001 Collinwood West Drive Austin, Texas",30.3697917,-97.6748198
15,"1050Bastrop Hwy Ne Austin, Texas",30.229066,-97.681179
16,"183 And Lake Creek Pkwy Austin, Texas",30.4607344,-97.7972644
17,"7601 Daffan Lane Austin, Texas",30.3160645,-97.62482969999999
18,"1930 West Rundberg Austin, Texas",30.3737164,-97.71756959999999
19,"15232 N Interstate Hwy 35 Austin, Texas",30.4468167,-97.66801530000001
20,"15004 Chamberlaint Court Austin, Texas",30.2538353,-97.57959609999999
21,"8416 Sassman Road Austin, Texas",30.1357199,-97.7150455
22,"16401 Parkway Drive Austin, Texas",30.2829713,-97.7544112
23,"Outside Jurisdiction Austin, Texas",30.267153,-97.7430608
24,"Braker Ln Austin, Texas",30.3903915,-97.7152524
25,"Lareina St And Garnett St Austin, Texas",30.2185687,-97.7702774
26,"Georgian Dr (Near Ahs) Austin, Texas",30.360886,-97.6933747
27,"1001 Tayside Drive Austin, Texas",30.4133295,-97.64707609999999
28,"11825 Savanna Canyon Austin, Texas",30.1602342,-97.64169389999999
29,"4505 Sherwyn Dr Austin, Texas",30.2809332,-97.6619533
30,"3111 Parker Lane Austin, Texas",30.22451,-97.74210699999999
31,"811 West Slaughter Lane Austin, Texas",30.1703989,-97.80429409999999
32,"Bolm And Shady Ln Austin, Texas",30.259782,-97.6933244
33,"5800 Techni Center Dr Austin, Texas",30.2787646,-97.67184759999999
34,"6266 Hwy 290 W Austin, Texas",30.3213724,-97.6943011
35,"Outside Jurisdiction Austin, Texas",30.267153,-97.7430608
36,"5607 Apple Orchard Lane Austin, Texas",30.1986136,-97.72785809999999
37,"William Cannon And South 1St Austin, Texas",30.1971751,-97.7877664
38,"9329 Northgate Bld Austin, Texas",30.3732431,-97.7142182
39,"1401 Cometa St Austin, Texas",30.2806944,-97.6896817
40,"844 Airport Blvd Austin, Texas",30.2584131,-97.6938377
41,"Salt Springs And Tupelo Drive Austin, Texas",30.1627674,-97.743318
42,"6003 Caroline Ln Austin, Texas",30.2583016,-97.5736845
43,"51St And Manor Rd Austin, Texas",30.2981358,-97.6870582
44,"6937 North Ih35 Austin, Texas",30.331041,-97.7040339
45,"11913 Elfcroft Dr Austin, Texas",30.3961684,-97.6908691
46,"1707 Raven Austin, Texas",30.3263551,-97.68382989999999
47,"8300 N Ih 35 Austin, Texas",30.3460048,-97.6971094
48,"Pflugerville (TX) Austin, Texas",30.4548451,-97.6222665
49,"5703 Imperial Dr Austin, Texas",30.2770152,-97.62052949999999
50,"Berkman And Glen Crest Austin, Texas",30.316956,-97.69078499999999
51,"17832 Violet Lane Austin, Texas",30.267153,-97.7430608
52,"5017 West Highway 290 Austin, Texas",30.2320669,-97.8230076
53,"19804 Grover Cleveland Way Austin, Texas",30.35433,-97.5060486
54,"6802 Dubuque Lane Austin, Texas",30.3139959,-97.670135
55,"4501 East Riverside Drive Austin, Texas",30.2315817,-97.7223212
56,"10625 N Lamar Blvd Austin, Texas",30.3754255,-97.6893637
57,"9400 West Parmer Lane Austin, Texas",30.4799954,-97.764219
58,"5616 Signal Point Austin, Texas",30.2884675,-97.64724559999999
59,"3115 S 1St St Austin, Texas",30.2332351,-97.7648028
60,"Bahan Drive Austin, Texas",30.1741092,-97.6163857
61,"12202 North Mopac Austin, Texas",30.4149585,-97.7083431
62,"11123 Old Lockhart Austin, Texas",30.1201551,-97.7490124
63,"8224 Research Blvd #244 Austin, Texas",30.3551153,-97.7154555
64,"Loyola And Decker Rd Austin, Texas",30.2912881,-97.62793470000001
65,"12034 Research Austin, Texas",30.42535759999999,-97.7529038
66,"1733 Dapplegrey Lane Austin, Texas",30.4143058,-97.68756139999999
67,"7314 Gaines Mill Ln Austin, Texas",30.1985256,-97.81017720000001
68,"6940 Chinook Dr Austin, Texas",30.2421322,-97.8871698
69,"Pflugerville (TX) Austin, Texas",30.4548451,-97.6222665
70,"5009 Copperbend Austin, Texas",30.1962114,-97.7404608
71,"4434 Frontier Trail Austin, Texas",30.23144,-97.795757
72,"Tuscana Avenue And Sendero Hills Austin, Texas",30.2937582,-97.6459953
73,"Del Valle (TX) Austin, Texas",30.2091069,-97.6472349
74,"3421 Hovenweep Ave Austin, Texas",30.2002576,-97.69307429999999
75,"Windrift/ Echo Ln Austin, Texas",30.1995864,-97.7982937
76,"4801 Lott Austin, Texas",30.2769942,-97.68538819999999
77,"South 1St And Gibson Austin, Texas",30.25154419999999,-97.7543003
78,"9315 Northgate Blvd Unit 227 Austin, Texas",30.3723341,-97.71483339999999
79,"1616 East Oltorf Austin, Texas",30.233502,-97.739665
80,"13807 Fm 812 Austin, Texas",30.1213841,-97.6371379
81,"10308 Littlepebble Austin, Texas",30.3813881,-97.7115669
82,"Slaughter/ Ih 35 Austin, Texas",30.1669935,-97.7869383
83,"290 And Old Kimbo Rd Austin, Texas",32.797564,-97.2983046
84,"North Loop And Guadlupe Austin, Texas",30.3199387,-97.72696839999999
85,"Salt Springs & William Cannon Austin, Texas",30.1689904,-97.73832639999999
86,"5901 E Stassney Austin, Texas",30.19015349999999,-97.7326315
87,"907 Bird Creek Dr Austin, Texas",30.3709241,-97.6970185
88,"Colony Loop Austin, Texas",30.2988363,-97.6297427
89,"Pecan And Sarah'S Creek Austin, Texas",30.4435144,-97.65684549999999
90,"300 S Lamar Austin, Texas",30.2628548,-97.75856259999999
91,"Montopolis Dr And Marigold Terrace Austin, Texas",30.2300634,-97.70019909999999
92,"1925 Rutland Dr Austin, Texas",30.3789453,-97.71331939999999
93,"19000 Limestone Commercial Dr Austin, Texas",30.471885,-97.59702109999999
94,"Elm Grove Road And Williamson Road Austin, Texas",30.0362403,-97.7090293
95,"6018 Ponca St Austin, Texas",30.2391722,-97.6980363
96,"1156 West Cesar Chavez Austin, Texas",30.269764,-97.7591144
97,"44Th And Rosedale Austin, Texas",30.3144092,-97.7433559
98,"5202 Berkman Dr Austin, Texas",30.3055446,-97.69812119999999
99,"12505 Pintail Cv. Austin, Texas",30.4477813,-97.7733149
100,"6800 Austin Center Boulevard Austin, Texas",30.3496688,-97.75088199999999
101,"Outside Jurisdiction Austin, Texas",30.267153,-97.7430608
102,"6308 Decker Lane Austin, Texas",30.2885307,-97.63044359999999
103,"6504 Bridge Point Pwky Austin, Texas",30.3554977,-97.8027225
104,"501 Strichen Drive Austin, Texas",30.4144801,-98.04033890000001
105,"14709 Reynero Ln Austin, Texas",30.0886614,-97.643103
106,"Manor (TX) Austin, Texas",30.3407629,-97.55694559999999
107,"6913 La Salle Dr Austin, Texas",30.3158964,-97.66826970000001
108,"10230 Lindshire Lane Austin, Texas",30.1740877,-97.8415266
109,"4402 Nixon Ln Austin, Texas",30.2724136,-97.6506361
110,"901 W Ben White Austin, Texas",30.2261149,-97.7745674
111,"1611 E. Pfennig Ln Austin, Texas",30.4504254,-97.60832959999999
112,"Braker Lane Austin, Texas",30.3903915,-97.7152524
113,"7802 Rutgers Ave Austin, Texas",30.3519279,-97.72619139999999
114,"5708 Sunny Vista Drive Austin, Texas",30.2049524,-97.873684
115,"12034 Research Austin, Texas",30.42535759999999,-97.7529038
116,"14730 N Ih 35 Austin, Texas",30.4395595,-97.6700614
117,"12405 St Mary Dr Austin, Texas",30.1342162,-97.76349789999999
118,"East Riverside Drive At Wickersham Lane Austin, Texas",30.2323033,-97.7203892
119,"4720 Winnebago Ln Austin, Texas",30.20863019999999,-97.7339045
120,"10601 Mourning Dove Dr Austin, Texas",30.4491013,-97.8080957
121,"6915 Vassar Drive Austin, Texas",30.3162994,-97.6690328
122,"2319 Greenfield Pkwy Austin, Texas",30.2319514,-97.73806309999999
123,"Shenandoah And Rutherford Ln Austin, Texas",30.3390233,-97.6868597
124,"502 East Oltorf Austin, Texas",30.2376301,-97.7510465
125,"85 Trinity St Austin, Texas",30.2612894,-97.7407578
126,"6203 Hylawn Drive Austin, Texas",30.3068413,-97.67225479999999
127,"2110 W Slaughter Ln Austin, Texas",30.1742917,-97.82581119999999
128,"1156 W Cesar Chavez Austin, Texas",30.269764,-97.7591144
129,"6518 Pevensy Dr Austin, Texas",30.19927079999999,-97.7878791
130,"5401 E Mlk Austin, Texas",30.285888,-97.67369629999999
131,"N Fm 620 Road Austin, Texas",30.4486406,-97.830602
132,"6700 West Gate Boulevard Austin, Texas",30.2100142,-97.8147438
133,"3005 Crownover Austin, Texas",30.2280866,-97.5893773
134,"E Martin Luther King Jr Blvd & Chestnut Ave Austin, Texas",30.2804388,-97.71728089999999
135,"Garland Ave Austin, Texas",30.270578,-97.6849022
136,"19600 Woodrow Wilson Austin, Texas",30.267153,-97.7430608
137,"Travis (TX) Austin, Texas",30.267153,-97.7430608
138,"132 Eberhardt Ln Austin, Texas",30.1977462,-97.7784736
139,"East Riverside Drive And Thrasher Lane Austin, Texas",30.2233281,-97.6997584
140,"Thaxton Rd And Sassman Rd Austin, Texas",30.14227949999999,-97.7293205
141,"Galleria Circle Austin, Texas",30.309171,-97.9376578
142,"Outside Jurisdiction Austin, Texas",30.267153,-97.7430608
143,"24Th/ Longview Austin, Texas",30.2883586,-97.75045550000002
144,"707 Huerta Street Austin, Texas",30.2379131,-97.76410229999999
145,"Hidden W Blvd Austin, Texas",30.2876669,-97.6358506
146,"1900 A Barge Austin, Texas",30.2049922,-97.80429409999999
147,"5700 Cameron Rd Austin, Texas",30.31587979999999,-97.7026977
148,"Braker And Hornsby Austin, Texas",30.380667,-97.6842544
149,"7000 Decker Ln Austin, Texas",30.296695,-97.6256135
150,"14608 Fuchs Grove Rd. Austin, Texas",30.3826085,-97.5575406
151,"305 S.  Congress Ave Austin, Texas",30.2586733,-97.74447119999999
152,"1400 Estrellas Dr Austin, Texas",30.2232617,-97.6706437
153,"4434 Frontier Trail Austin, Texas",30.23144,-97.795757
154,"20902 Jumpers Delight Austin, Texas",30.4931666,-97.5775638
155,"7206 Eganhill Austin, Texas",30.2055771,-97.8196507
156,"Highway 71 And Fm 973 Austin, Texas",30.2032391,-97.6393512
157,"8709 Fm 969 Austin, Texas",30.2752126,-97.636015
158,"2315 E 10Th St Austin, Texas",30.2648115,-97.7162015
159,"601 N Lamar Austin, Texas",30.2717659,-97.7532992
160,"Riverside And Pleasant Valley Austin, Texas",30.234143,-97.7228689
161,"Carl Rd And Old Lockhart Rd Austin, Texas",30.1154232,-97.7471441
162,"Belfast/Briarcliff Austin, Texas",30.3151578,-97.694727
163,"4901 Oldfort Hill Austin, Texas",30.2895953,-97.6731027
164,"Richardson Lane Austin, Texas",30.2365254,-97.6968159
165,"3226 W Slaughter Ln Austin, Texas",30.1833749,-97.844083
166,"8028 Gessner Dr Austin, Texas",30.3445202,-97.7026381
167,"1100 Shady Ln Austin, Texas",30.2599245,-97.6935197
168,"11713 Arrowmound Pass Austin, Texas",30.1537297,-97.6494494
169,"1800 East Stassney Lane Austin, Texas",30.1973155,-97.7600483
170,"8900 Parkfield Drive Austin, Texas",30.3623807,-97.7098278
171,"1110 West 6Th Street Austin, Texas",30.2724945,-97.75573990000001
172,"11441 N Ih 35 Austin, Texas",30.3781005,-97.6724244
173,"Del Valle (TX) Austin, Texas",30.2091069,-97.6472349
174,"7811 Burleson Manor Rd Austin, Texas",30.2663089,-97.5225881
175,"Little Hill Top Circle Austin, Texas",30.3821001,-97.6801774
176,"10008 Capitol View Dr Austin, Texas",30.1375052,-97.75319309999999
177,"2500 W Parmer Ln Austin, Texas",30.4220078,-97.7022887
178,"Fm 1431 Austin, Texas",30.5769603,-98.1279602
179,"Travis (TX) Austin, Texas",30.267153,-97.7430608
180,"Ptarmigan Drive And Bittern Hollow Austin, Texas",30.395498,-97.6962537
181,"5400 W Parmer Ln Austin, Texas",30.4365311,-97.7334802
182,"1610 Westmor Drive Austin, Texas",30.30742789999999,-97.6973153
183,"Austin Colony Neighborhood Austin, Texas",30.2291609,-97.59275149999999
184,"Del Valle (TX) Austin, Texas",30.2091069,-97.6472349
185,"13252 George Bush Street Austin, Texas",30.3525683,-97.5261627
186,"Mt Vernon Dr & Redd St Austin, Texas",30.2217828,-97.77873609999999
187,"1301 Crossing Pl Austin, Texas",30.2353162,-97.71076219999999
188,"11409 Rustic Rock Drive Austin, Texas",30.4322443,-97.780724
189,"Smith Oak Trail And Old Fredericksberg Austin, Texas",30.23395549999999,-97.8485731
190,"7509 East Martin Luther King Junior Boulevard Austin, Texas",30.2855457,-97.6647957
191,"2014 Encino Circle Austin, Texas",30.2838667,-97.7035076
192,"Sautelle Lane And Mesa Grande Austin, Texas",30.2065661,-97.8788424
193,"Springdale And Manor Austin, Texas",30.3086925,-97.66912029999999
194,"4313 Acropolis Court Austin, Texas",30.4128099,-97.73104029999999
195,"4700 E Riverside Dr Austin, Texas",30.2335221,-97.71752719999999
196,"5211 Eilers Austin, Texas",30.3145973,-97.7158303
197,"Bennett Ave & E St Johns Ave Austin, Texas",30.3311138,-97.70038869999999
198,"Burleson Rd And Colton Rd Austin, Texas",30.1813974,-97.685893
199,"East 7Th Street Austin, Texas",30.2617417,-97.7187189
200,"7920 Old Lockhart Austin, Texas",30.0587472,-97.7044007
201,"Airport Boulevard And Lamar Boulevard Austin, Texas",30.337577,-97.7188216
202,"71 And Riverside Dr Austin, Texas",30.25715,-97.74685749999999
203,"2905 Prado St Austin, Texas",30.2612799,-97.70753719999999
204,"5006 Emerald Forest Austin, Texas",30.2169798,-97.78301359999999
205,"8300 Furness Drive Austin, Texas",30.3430029,-97.690021
206,"Hwy 290 And 183 Austin, Texas",30.2404087,-97.6903506
207,"Manchaca Road And West William Cannon Drive Austin, Texas",30.202829,-97.80688339999999
208,"6812 Felipe Dr Austin, Texas",30.1546553,-97.738339
209,"7917 Brockman St Austin, Texas",30.3569869,-97.7293325
210,"8302 Garcreek Circle Austin, Texas",30.2939387,-97.6302529
211,"7010 Texas 71 Austin, Texas",30.2359738,-97.8756465
212,"2324 Bitter Creek Austin, Texas",30.1828057,-97.75875359999999
213,"3235 E Martin Luther King Jr Blvd Austin, Texas",30.2824587,-97.70232
214,"Outside Jurisdiction Austin, Texas",30.267153,-97.7430608
215,"106 Cloudview Austin, Texas",30.1895951,-97.7810425
216,"9322 Fm 812 Austin, Texas",30.1600079,-97.6831514
217,"900 Broken Feather Austin, Texas",30.4362837,-97.6401683
218,"4509 E St Elmo Austin, Texas",30.2036758,-97.7401136
219,"7201 Levander Loop Austin, Texas",30.2527847,-97.6904186
220,"5703 Tura Ln Austin, Texas",30.2672781,-97.6801833
221,"Gilbert Rd Austin, Texas",30.2655121,-97.5889668
222,"Ross Road And Highway 71 Austin, Texas",30.1864188,-97.60953789999999
223,"2500 Montopolis Dr Austin, Texas",30.2200059,-97.7089158
224,"11025 Doyle Overton Road Austin, Texas",30.08097159999999,-97.6297445
225,"17112 Rockridge Austin, Texas",30.4215956,-97.9441444
226,"815 W Slaughter Ln Austin, Texas",30.1732201,-97.8065878
227,"9300 Northgate Apt 219 Austin, Texas",30.3734264,-97.71566059999999
228,"12909 Fm 969 Austin, Texas",30.2526247,-97.60180199999999
229,"1721 Long Rifle Drive Austin, Texas",30.37757179999999,-97.65551029999999
230,"Outside Jurisdiction Austin, Texas",30.267153,-97.7430608
231,"12012 Crow Lane Austin, Texas",30.1974263,-97.77078979999999
232,"S Capital Of Texas Hwy And S Mopac Expy Austin, Texas",30.39007359999999,-97.73495679999999
233,"5516 Alomar Cove Austin, Texas",30.1723422,-97.6185172
234,"1410 Ruth Austin, Texas",30.267153,-97.7430608
235,"1156 W Cesar Chavez St Austin, Texas",30.269764,-97.7591144
236,"1401 Meander Austin, Texas",30.2787612,-97.68008789999999
237,"2001 Guadalupe St Austin, Texas",30.2828889,-97.74148989999999
238,"600 Boulder Bluff Austin, Texas",30.267153,-97.7430608
239,"504 Horsethief Trail Austin, Texas",30.1207756,-97.8319744
240,"1300 Fort Branch Austin, Texas",30.2767301,-97.6805437
241,"811 W St Johns Austin, Texas",30.3391567,-97.7191817
242,"8403 Saber Creek Trl Austin, Texas",30.42091619999999,-97.78728459999999
243,"E Riverside Dr & S Pleasant Valley Rd Austin, Texas",30.234143,-97.7228689
244,"5400 Ross Road Austin, Texas",30.174399,-97.62314889999999
245,"183 Braker Austin, Texas",30.3789454,-97.6820233
246,"2617 Corabella Austin, Texas",30.4635489,-97.8459961
247,"8509 Fm 969 Austin, Texas",30.2730809,-97.63883349999999
248,"Ih-35 & Cesar Chavez Austin, Texas",30.2612203,-97.7367715
249,"12501 Tech Ridge Blvd Austin, Texas",30.3980944,-97.6615506
250,"9210 Northgate Blvd #118 Austin, Texas",30.3717852,-97.7161697
251,"1811 W 36Th St Austin, Texas",30.3090288,-97.7533735
252,"7603 Clydesdale Austin, Texas",30.20418579999999,-97.8301877
253,"El Dorado Drive And El Rey Austin, Texas",30.2214482,-97.9026592
254,"Bolm Road Austin, Texas",30.2574701,-97.688861
255,"Coyote Trail And Crossbow Trail Austin, Texas",30.473716,-97.989217
256,"William Cannon And Woodhue Austin, Texas",30.200311,-97.7988317
257,"6806 Montana St Austin, Texas",30.2305333,-97.69332879999999
258,"4634 Westgate Blvd Austin, Texas",30.2293156,-97.80153109999999
259,"2900 S Pleasant Valley Rd Austin, Texas",30.223869,-97.730499
260,"Parmer Lane And Old Highway 20 Austin, Texas",30.341677,-97.57894979999999
261,"1901 National Park Boulevard Austin, Texas",30.1545461,-97.78900449999999
262,"1301 Crossing Place #512 Austin, Texas",30.2353162,-97.71076219999999
263,"Winter Haven And Walkup Austin, Texas",30.1507045,-97.74027570000001
264,"6400 Fm 969 Austin, Texas",30.2852936,-97.65977029999999
265,"1801 Wells Branch Pkwy Austin, Texas",30.4329716,-97.674099
266,"8128 N Ih 35 Austin, Texas",30.3444048,-97.69776069999999
267,"Outside Jurisdiction Austin, Texas",30.267153,-97.7430608
268,"4812 Spring Meadow Cv Austin, Texas",30.195582,-97.7329074
269,"6211 W William Cannon Dr Austin, Texas",30.2303642,-97.86540029999999
270,"5300 Tx-71 Austin, Texas",30.2355015,-97.85709279999999
271,"14326 Hunters Bend Road Austin, Texas",30.2449917,-97.58298339999999
272,"16400 Terrace Dr Austin, Texas",30.4748312,-97.6869148
273,"6305 Cameron Austin, Texas",30.3205232,-97.69524779999999
274,"14308 Fm 812 Austin, Texas",30.1173944,-97.62933919999999
275,"9704 Carson Creek Blvd Austin, Texas",30.2229639,-97.66520679999999
276,"3006 Royster Austin, Texas",30.267153,-97.7430608
277,"5816 Van Winkle Austin, Texas",30.19435219999999,-97.88208829999999
278,"1548 Farm To Market 685 Austin, Texas",30.4531157,-97.6060353
279,"Quicksilver And Bluff Springs Austin, Texas",30.1725823,-97.768618
280,"408 Parrot Tulip Vw Austin, Texas",30.4222036,-97.6521619
281,"7601 Dixie Drive Austin, Texas",30.1647997,-97.7437922
282,"Chantsong Ct Austin, Texas",30.2826079,-97.62707
283,"7709 San Felipe Blvd Austin, Texas",30.4369834,-97.7675972
284,"613 Amesbury Austin, Texas",30.3413339,-97.7137728
285,"Springdale Road And Airport Boulevard Austin, Texas",30.2655736,-97.6955164
286,"6818 Thistle Hill Austin, Texas",30.3501181,-97.6109558
287,"Travis (TX) Austin, Texas",30.267153,-97.7430608
288,"2407 Allred Dr Austin, Texas",30.1740878,-97.82997519999999
289,"11402 James Haller Drive Austin, Texas",30.1519858,-97.8278507
290,"409 Black Son Ave Austin, Texas",30.3365917,-97.70613739999999
291,"6906 Burnell Dr Austin, Texas",30.3182198,-97.6706437
292,"1908 Albury Cv Austin, Texas",30.3998742,-97.70276539999999
293,"1006 Banister Ln Austin, Texas",30.2310222,-97.77378189999999
294,"1100 W Cesar Chavez St Austin, Texas",30.2689942,-97.756992
295,"1304 West Lakeland Austin, Texas",30.33272879999999,-97.92849500000001
296,"3205 Cupid Drive Austin, Texas",30.2376294,-97.80652409999999
297,"15112 Mimebark Way Austin, Texas",30.2560447,-97.5785799
298,"12001 Dessau Rd Austin, Texas",30.3782801,-97.6513494
299,"Mckinney Falls And 183 Austin, Texas",30.1983853,-97.68424879999999
300,"18901 Hamilton Pool Rd Austin, Texas",30.2864406,-98.0656039
301,"45Th St At Lamar Boulevard Austin, Texas",30.3134234,-97.7374995
302,"10701 Mule Trl Austin, Texas",30.267153,-97.7430608
303,"800 E Rundberg Ln Austin, Texas",30.3579348,-97.6874687
304,"11605 North Lamar Austin, Texas",30.3849679,-97.68425390000002
305,"421 Thompson Lane Austin, Texas",30.2385129,-97.6823776
306,"Blue Meadow And Bluff Springs Austin, Texas",30.183624,-97.76896389999999
307,"Sedona Austin, Texas",30.3970563,-97.7654837
308,"7619 Scenic Brook Austin, Texas",30.2357386,-97.89701509999999
309,"Thannas Way Austin, Texas",30.1780376,-97.758272
310,"5110 Regency Dr Austin, Texas",30.2868476,-97.66114789999999
311,"6937 N Ih 35 Austin, Texas",30.331041,-97.7040339
312,"7201 Leavender Loop Austin, Texas",30.2527847,-97.6904186
313,"8027 Elroy Rd Austin, Texas",30.1384693,-97.61428099999999
314,"18805 Golddust Pass Austin, Texas",30.4599348,-97.5837032
315,"5601 Brodie Ln Austin, Texas",30.2264721,-97.82084019999999
316,"5408 Lark Creek Drive Austin, Texas",30.1948767,-97.7349866
317,"Jollyville And Braker Ln Austin, Texas",30.4007625,-97.748853
318,"Airport Blvd And Higgins St Austin, Texas",30.28319159999999,-97.704414
319,"Dittmar& S. 1St Austin, Texas",30.1838742,-97.79268479999999
320,"5408 Lark Creek Austin, Texas",30.1948767,-97.7349866
321,"6701 Bryn Mawr Austin, Texas",30.3130182,-97.6715341
322,"East 45Th Street And Duval Street Austin, Texas",30.3070066,-97.72458929999999
323,"1730 East Oltorf Street Austin, Texas",30.23373699999999,-97.737663
324,"Blue Meadow Dr & Branchwood D Austin, Texas",30.1800259,-97.7598022
325,"14406 Tiffer Ln Austin, Texas",30.4422444,-97.68565319999999
326,"Highway 71 And Ross Road Austin, Texas",30.1864188,-97.60953789999999
327,"14906 Zurick Drive Austin, Texas",30.130229,-97.61178179999999
328,"7259 Wardman Drive Austin, Texas",30.1548414,-97.6457623
329,"Cuernavaca Dr. & Tartar Way Austin, Texas",30.3403491,-97.86340170000001
330,"5608 Peppertree Pkwy Austin, Texas",30.1942214,-97.75289599999999
331,"3108 Windsor Road Austin, Texas",30.2965875,-97.7676557
332,"Ben White And Montopolis Austin, Texas",30.2119914,-97.7126316
333,"8401 Axis Drive Austin, Texas",30.2069136,-97.856452
334,"500 E St Johns Ave Austin, Texas",30.3345038,-97.7062435
335,"Parker And Woodward Austin, Texas",30.21961259999999,-97.7439471
336,"24Th And Rio Grande Austin, Texas",30.2879172,-97.7446605
337,"9442 Capital Of Texas Highway Austin, Texas",30.3899547,-97.7486304
338,"12804 Doorbell Dr Austin, Texas",30.3442106,-97.52795429999999
339,"Aly May Dr And Billbrook Austin, Texas",30.1662389,-97.8178025
340,"Montopolis And Riverside Austin, Texas",30.2248747,-97.7034758
341,"Waters Park Road And Adelphi Lane Austin, Texas",30.4178911,-97.7082281
342,"11700 Dionda Lane Austin, Texas",30.2050704,-97.6330947
343,"Pflugerville (TX) Austin, Texas",30.4548451,-97.6222665
344,"Staney And Burleson Austin, Texas",30.2055131,-97.7165557
345,"11846 Jollyville Rd Austin, Texas",30.4226856,-97.7568435
346,"710 East Ben White Boulevard Austin, Texas",30.2192082,-97.75524109999999
347,"1705 Frontier Valley Austin, Texas",30.2239681,-97.69564009999999
348,"10911 Thaxton  Rd Austin, Texas",30.11786409999999,-97.7450137
349,"3201 Duval Road Austin, Texas",30.40852959999999,-97.72078330000001
350,"8801 N Fm 620 Austin, Texas",30.4265362,-97.84091749999999
351,"8101 Salt Springs Dr Austin, Texas",30.1588551,-97.7450229
352,"12609 Dessau Rd Austin, Texas",30.39377409999999,-97.64128939999999
353,"2115 Quarry Rd Austin, Texas",30.2848309,-97.767456
354,"Airport And Bolm Austin, Texas",30.2600671,-97.6938717
355,"5104 Raton Pass Austin, Texas",30.3127192,-97.6590708
356,"Round Mountain Rd And Fulkes Rd Austin, Texas",30.5751976,-97.9484028
357,"1520 Rutherford Ln Austin, Texas",30.33725849999999,-97.6784661
358,"7530 Compass Austin, Texas",30.3088951,-97.64177869999999
359,"Lowenfield And Linnie Street Austin, Texas",30.3041671,-97.62405600000001
360,"1800 Lavaca St.#409 Austin, Texas",30.2806048,-97.7403322
361,"Bluff Springs And William Cannon Austin, Texas",30.1892393,-97.76785199999999
362,"3201 Jack Cook Austin, Texas",30.3083962,-97.6724668
363,"200 Cedar Bend Austin, Texas",30.4094637,-97.6992127
364,"5503 Larchbrook Austin, Texas",30.2754277,-97.62355869999999
365,"74 Trinity Austin, Texas",30.2605631,-97.74176279999999
366,"2304 Morelds St Austin, Texas",30.267153,-97.7430608
367,"12019 Swallow Drive Austin, Texas",30.4490113,-97.79764689999999
368,"7703 Nez Perce Trace Austin, Texas",30.2812798,-97.57680169999999
369,"2Nd St And Linden Austin, Texas",30.2532059,-97.7104032
370,"1801 Wells Branch Pkwy Austin, Texas",30.4329716,-97.674099
371,"8038 Exchange Dr Austin, Texas",30.3325659,-97.66460269999999
372,"12343 Hunters Chase Trl Austin, Texas",30.4429279,-97.7700273
373,"9300 S Ih 35 Frontage Rd Austin, Texas",30.1631095,-97.7903675
374,"South 1St And Oltorf Austin, Texas",30.2421291,-97.7596191
375,"10004 Shively Lane Austin, Texas",30.1172721,-97.7001145
376,"4611 Banister Austin, Texas",30.2209477,-97.782741
377,"11610 Crosstimber Drive Austin, Texas",30.4485152,-97.8096674
378,"3101 Shoreline Drive Austin, Texas",30.4544943,-97.685047
379,"8805 N Interstate 35 Austin, Texas",30.350215,-97.68993619999999
380,"Shepherd Mountain Cove Austin, Texas",30.3573785,-97.7963614
381,"Spruce Lane And Teri Road Austin, Texas",30.1999693,-97.7487767
382,"15918 Windermere Dr Austin, Texas",30.4485933,-97.6491951
383,"Duval/Hwy 183 Austin, Texas",30.4559466,-97.79192
384,"11204 Moore Road Austin, Texas",30.1260853,-97.6752102
385,"12900 Dessau Road Austin, Texas",30.3983054,-97.64345259999999
386,"Outside Jurisdiction Austin, Texas",30.267153,-97.7430608
387,"1701 Vargas Rd Austin, Texas",30.2261244,-97.6989996
388,"1317 West 10Th Street Austin, Texas",30.2769743,-97.7572869
389,"Wet William Cannon Drive And South Congress Austin, Texas",30.1931086,-97.7788344
390,"3805 River Rd Austin, Texas",30.3073194,-97.7755347
391,"Jean Drive Austin, Texas",30.3717593,-97.6846723
392,"1207 Baylor St Austin, Texas",30.2777368,-97.7519198
393,"5502 Sapote Court Austin, Texas",30.1951669,-97.74903359999999
394,"Dessau Rd & E Howard Ln Austin, Texas",30.4035593,-97.63838439999999
395,"8509 Fm 969 Austin, Texas",30.2730809,-97.63883349999999
396,"9201 Scenic Bluff Dr. Austin, Texas",30.3028642,-97.88433529999999
397,"11000 Legends Lane Austin, Texas",30.1386726,-97.7879641
398,"1200 Broadmoor Drive Austin, Texas",30.3114096,-97.70535269999999
399,"Tamil St And Kandy Dr Austin, Texas",30.2108973,-97.83542589999999
400,"3302 Northeast Dr Austin, Texas",30.3090007,-97.670559
401,"Thaxton Rd Austin, Texas",30.1356654,-97.7335395
402,"0000 Landsman Dr Austin, Texas",30.2346335,-97.8950004
403,"Hog Eye Rd And Lucinda Dr Austin, Texas",30.2829232,-97.45472459999999
404,"1411 Rutland Austin, Texas",30.370025,-97.70770689999999
405,"18105 Easy Street Austin, Texas",30.2721706,-97.8143474
406,"8000 Hood Cir Austin, Texas",30.19299089999999,-97.8135756
407,"West And 7Th Austin, Texas",30.2739309,-97.7563771
408,"24806 Long Hollow Trl Austin, Texas",30.587825,-97.9760388
409,"6607 South Ih 35 Austin, Texas",30.1888732,-97.768666
410,"11611 Fm812 Austin, Texas",30.13749199999999,-97.660146
411,"1300 Matthews Ln Austin, Texas",30.1970814,-97.80057749999999
412,"12117 Manchaca Rd Austin, Texas",30.1413925,-97.83260969999999
413,"12510 Lowden Austin, Texas",30.136876,-97.83656339999999
414,"Sebastian Bend Austin, Texas",30.4201069,-97.6447019
415,"1913 Golden Pheasant Austin, Texas",30.3936148,-97.7053315
416,"14501 Renyero Ln Austin, Texas",30.2863024,-97.7555115
417,"12901 N Ih 35 Svrd Austin, Texas",30.414277,-97.67123219999999
418,"9200 North Plaza Austin, Texas",30.3546431,-97.6880915
419,"2401 Ridgepoint Dr Austin, Texas",30.3290832,-97.67455190000001
420,"2108 Warfield  Way Austin, Texas",30.4403841,-97.6823034
421,"96 S Congress Ave & Cesar Chevez Austin, Texas",30.2632513,-97.7445913
422,"2402 Burleson Ct Austin Austin, Texas",30.2302449,-97.7343671
423,"Key View Cove Austin, Texas",30.2888935,-97.6418487
424,"Research Blvd And Duval Rd Austin, Texas",30.4189307,-97.74729130000001
425,"1115 W 10Th St Austin, Texas",30.2753899,-97.7548697
426,"303 Barbuda Drive Austin, Texas",30.3666219,-98.0069357
427,"5504 Stuart Circle Austin, Texas",30.2611088,-97.6868471
428,"Fallwell Lane And 45 Austin, Texas",30.2537694,-97.6040031
429,"Lemonwood And Driftwood Austin, Texas",30.3628622,-97.7863903
430,"1190 Airport Austin, Texas",30.2751363,-97.7011749
431,"2302 East William Cannon Austin, Texas",30.18674769999999,-97.75866839999999
432,"Travis (TX) Austin, Texas",30.267153,-97.7430608
433,"8009 Crystalbrook West Austin, Texas",30.3213887,-97.6547589
434,"4510 Lareina Dr Austin, Texas",30.2172703,-97.77148919999999
435,"12349 Metric Boluvard Austin, Texas",30.4088846,-97.6945162
436,"7710 Forest Wood Rd Austin, Texas",30.1896815,-97.80219149999999
437,"5211 Cameron Rd Austin, Texas",30.3104513,-97.7071766
438,"2101 Ringtail Ridge Austin, Texas",30.27606159999999,-97.83413949999999
439,"6210 E Ben White Blvd Austin, Texas",30.2131012,-97.7124154
440,"Briargate And Fieldgate Austin, Texas",30.403226,-97.64906979999999
441,"Oltorf & South 5Th St Austin, Texas",30.24391809999999,-97.76431559999999
442,"133327 Black Canyon Dr Austin, Texas",30.453278,-97.754717
443,"2509 Winchell Lane Austin, Texas",30.2604842,-97.6715341
444,"Outside Jurisdiction Austin, Texas",30.267153,-97.7430608
445,"7808 Linden Rd Austin, Texas",30.263218,-97.705882
446,"1071 Clayton Ln Austin, Texas",30.3187966,-97.7034652
447,"Melissa Oaks Austin, Texas",30.1580708,-97.7811637
448,"Parmar Ln And Mopac Austin, Texas",30.3213959,-97.756187
449,"1156 W Cesar Chavez Austin, Texas",30.269764,-97.7591144
450,"Montopolis Road Austin, Texas",30.2248747,-97.7034758
451,"William Cannon And Stoneleigh Austin, Texas",30.1864,-97.759149
452,"600 Kawnee Drive Austin, Texas",30.3368492,-97.7154273
453,"Merrit And Terri Road Austin, Texas",30.1973583,-97.744907
454,"Carson Creek And Shadow Austin, Texas",30.267153,-97.7430608
455,"Travis (TX) Austin, Texas",30.267153,-97.7430608
456,"8800 N Ih 35 Hwy Austin, Texas",30.3523648,-97.6932547
457,"East Manor Road And Walnut Hills Drive Austin, Texas",30.30803879999999,-97.67624090000001
458,"Travis (TX) Austin, Texas",30.267153,-97.7430608
459,"4434  Frontier Trail Austin, Texas",30.23144,-97.795757
460,"8003 Tonopa Lane Austin, Texas",30.285172,-97.6386265
461,"200 Chaparral Road Austin, Texas",30.1887655,-97.7784099
462,"6107 Idlewood Cove Austin, Texas",30.2003667,-97.77773049999999
463,"21436 Creekside Drive Austin, Texas",30.3237196,-97.6839212
464,"S. Sh-35 Austin, Texas",30.2978649,-97.7180865
465,"1702 Ferguson Dr Austin, Texas",30.376508,-97.6862697
466,"2309 Ventura Dr Austin, Texas",30.2172705,-97.736684
467,"Armstrong Ave And New Katy Ln Austin, Texas",30.3453721,-97.52580909999999
468,"1700 E Cesar Chavez St Austin, Texas",30.2579766,-97.7263306
469,"4434 Frontier Trail Austin, Texas",30.23144,-97.795757
470,"12922 Meehan Dr Austin, Texas",30.4195631,-97.68641649999999
471,"16808 High Noon Austin, Texas",30.25694,-97.7234031
472,"Fitzhugh Rd Austin, Texas",30.235858,-98.0069139
473,"15009 Sassafras Trail Austin, Texas",30.4277885,-97.6416091
474,"1124 Rutland Dr. #40 Austin, Texas",30.3703018,-97.7026381
475,"Outside Jurisdiction Austin, Texas",30.267153,-97.7430608
476,"9900 S Ih 35 Svrd Austin, Texas",30.1562153,-97.79291289999999
477,"3402 Randolf Austin, Texas",30.2869694,-97.7116518
478,"1310 Alma Drive Austin, Texas",30.3819627,-97.6600034
479,"Parmer Ln And Neenah Austin, Texas",30.4880348,-97.7712607
480,"Outside Jurisdiction Austin, Texas",30.267153,-97.7430608
481,"900 Webberwood Way Austin, Texas",30.229675,-97.4835854
482,"9218 Balcones Club Austin, Texas",30.4419525,-97.78723199999999
483,"4718 Highway 183 Austin, Texas",30.1835756,-97.6879002
484,"Hw 71 And Riverside Austin, Texas",30.25715,-97.74685749999999
485,"Mansell Ave And Santa Anna St Austin, Texas",30.274855,-97.6870325
486,"8303 Coulver Rd Austin, Texas",30.1188477,-97.730208
487,"Littig Rd And Ballerstedt Rd Austin, Texas",30.3236325,-97.469066
488,"4902 Duval Road Austin, Texas",30.4156411,-97.7376175
489,"8010 N Ih 35 Austin, Texas",30.3429819,-97.6991178
490,"Mohle Dr And Harris Blvd Austin, Texas",30.2995402,-97.75255709999999
491,"5401 Brompton Circ Austin, Texas",30.2110597,-97.78176429999999
492,"West Braker Lane And Swearingen Drive Austin, Texas",30.3877026,-97.69859319999999
493,"5204 Village Trail Austin, Texas",30.1968339,-97.74585049999999
494,"1500 Faro Dr Austin, Texas",30.2329791,-97.714197
495,"16912 High Noon Drive Austin, Texas",30.13592939999999,-97.5752776
496,"6301 Monsanto Drive Austin, Texas",30.2388067,-97.69434659999999
497,"12138 North Lamar Boulevard Austin, Texas",30.3990436,-97.6795458
498,"5300 Pecan Brook Austin, Texas",30.3143633,-97.6554262
499,"2506 Springdale Austin, Texas",30.2858245,-97.68266279999999
500,"19018 Fm 969 Austin, Texas",30.2321982,-97.5165385
501,"7204 Carver Ave Austin, Texas",30.3311223,-97.6994359
502,"4803 Gladview Drive Austin, Texas",30.2205482,-97.7871997
503,"Rutherford And Grayledge` Austin, Texas",30.342945,-97.69512770000001
504,"11620 Arroyo Blanco Drive Austin, Texas",30.1573272,-97.84907749999999
505,"4434 Frontier Trl Austin, Texas",30.23144,-97.795757
506,"500 S 3Rd St Austin, Texas",30.2582985,-97.75344779999999
507,"6901 Mckinney Falls Rd Austin, Texas",30.165736,-97.72112299999999
508,"3105 S Ih35 Austin, Texas",30.22524629999999,-97.744959
509,"4600 Guadalupe Street Austin, Texas",30.3136563,-97.7316709
510,"1012 Arthur Stiles Rd Austin, Texas",30.2572057,-97.6819854
511,"Hamilton Point Cir & Jaron Dr Austin, Texas",30.3383022,-97.5519822
512,"1800 Crystal Bend Austin, Texas",30.4071372,-97.6318213
513,"12017 Amherst Drive Austin, Texas",30.4124579,-97.7199878
514,"8921 Sun Shower Bend Austin, Texas",30.2778105,-97.63262569999999
515,"1881 Grove Blvd Austin, Texas",30.2286113,-97.70658279999999
516,"1013 S Center St Austin, Texas",30.2321049,-97.77365449999999
517,"East 7Th Street Austin, Texas",30.2617417,-97.7187189
518,"9518 Topridge Dr Austin, Texas",30.4348529,-97.7991972
519,"5307 Wasson Rd Austin, Texas",30.2067831,-97.7722959
520,"6406 Capriola Drive Austin, Texas",30.2042507,-97.797562
521,"Hamilton Pool Rd Austin, Texas",30.3118682,-98.0903878
522,"12800 Center Lake Dr Austin, Texas",30.4075849,-97.6690963
523,"3400 Congress Austin, Texas",30.2295607,-97.7606638
524,"Poquuito And East Martin Luther King Austin, Texas",30.2799397,-97.7202221
525,"E Stassney Ln And Dove Springs Dr Austin, Texas",30.19387769999999,-97.7568383
526,"2501 Wickersham Lane Austin, Texas",30.2232902,-97.7251871
527,"Los Cielos Blvd And Campana Dr Austin, Texas",30.1679096,-97.6248625
528,"6904 Carwill Dr Austin, Texas",30.3006634,-97.64470279999999
529,"903 Spingdale Rd Austin, Texas",30.2608388,-97.6982908
530,"4434 Frontier Trl Austin, Texas",30.23144,-97.795757
531,"Mckinney Falls And Burleson Austin, Texas",30.1920431,-97.69842469999999
532,"17004 Round Mountain Austin, Texas",30.3756743,-97.9626359
533,"18303 Park Dr Austin, Texas",30.3953837,-97.88355519999999
534,"3703 Prairie Ln Austin, Texas",30.4713615,-97.6788265
535,"8100 Westgate Blvd Austin, Texas",30.1987826,-97.82763829999999
536,"2501 Wickersham Ln Austin, Texas",30.2232902,-97.7251871
537,"2201 Barton Springs Rd Austin, Texas",30.26397489999999,-97.7713831
538,"Jesse Segovia And Chicano Park Austin, Texas",30.2516532,-97.7347827
539,"6006 Jays Lane Austin, Texas",30.23343479999999,-97.8496938
540,"Travis (TX) Austin, Texas",30.267153,-97.7430608
541,"South Meadows & Parkfield Austin, Texas",30.3809155,-97.697998
542,"8806 Redfield Ln Austin, Texas",30.36294899999999,-97.7123305
543,"6620 Blue Bluff Rd Austin, Texas",30.28135049999999,-97.6095368
544,"11105 N Ih 35 Austin, Texas",30.3745666,-97.6765941
545,"2703 Channing Circle Austin, Texas",30.2120159,-97.814234
546,"4908 E. Yager Ln Austin, Texas",30.3635761,-97.6286958
547,"11113 Research Blvd Austin, Texas",30.4053348,-97.74430149999999
548,"403 Vargas Road Austin, Texas",30.23867389999999,-97.6893637
549,"14745 Merrill Town Austin, Texas",30.4505272,-97.69287519999999
550,"2450 Wickersham Lane Austin, Texas",30.22580869999999,-97.7252487
551,"3006 Maplelawn Circle Austin, Texas",30.3063387,-97.6770033
552,"1402 Glenwood Drive Austin, Texas",30.3195375,-97.69544929999999
553,"10840 Fm 812 Austin, Texas",30.1422399,-97.6669343
554,"1012 North Meadows Drive Austin, Texas",30.376892,-97.6952372
555,"Dittmar Austin, Texas",30.1857007,-97.7992295
556,"900 King Albert Austin, Texas",30.2043106,-97.7890257
557,"12Th & Airport Austin, Texas",30.2768544,-97.7003386
558,"900 Center Ridge Dr Austin, Texas",30.4172645,-97.6686963
559,"3406 Gable Austin, Texas",30.4192957,-97.71292439999999
560,"7001 Ross Rd Austin, Texas",30.1589506,-97.6387857
561,"15924 Stewart Rd Austin, Texas",30.3780497,-97.9531994
562,"4705 East Ben White Austin, Texas",30.21393,-97.731293
563,"1809 Collier Austin, Texas",30.2546662,-97.7701307
564,"11316 Farmhaven Rd Austin, Texas",30.3516011,-97.61853839999999
565,"Outside Jurisdiction Austin, Texas",30.267153,-97.7430608
566,"1212 Westheimer Dr Austin, Texas",30.325776,-97.6944346
567,"13609 Interstate 35 Austin, Texas",30.4225795,-97.6708981
568,"9400 Ih 35 Austin, Texas",30.3590904,-97.6889608
569,"Plesent Valley And Union Creek Green Belt Austin, Texas",30.1772678,-97.7483451
570,"Corral Lane And Circle S Road Austin, Texas",30.1866946,-97.7793592
571,"Travis (TX) Austin, Texas",30.267153,-97.7430608
572,"6104 Wideleaf Drive Austin, Texas",30.2590551,-97.5747402
573,"2705 Hoeke Lane Austin, Texas",30.2113151,-97.68906679999999
574,"12118 Walnut Park Crossing Austin, Texas",30.388929,-97.6768654
575,"14125 Ceylon Tea Cir Austin, Texas",30.4154318,-97.63715959999999
576,"6607 S Iih 35 Frontage Rd Austin, Texas",30.2867584,-97.7244946
577,"5301 Wasson Road Austin, Texas",30.20730619999999,-97.7717864
578,"6716 Derby Downs Dr Austin, Texas",30.1508537,-97.74198849999999
579,"2741 Citation Austin, Texas",30.267153,-97.7430608
580,"100 West Cesar Chavez Austin, Texas",30.263696,-97.7451091
581,"Fm812 And Peterson Rd Austin, Texas",30.1101586,-97.6229285
582,"7685 Northcross Dr Austin, Texas",30.3542887,-97.7356889
583,"1904 Poquito Austin, Texas",30.2804875,-97.72056049999999
584,"Jacobson Rd And Elroy Rd Austin, Texas",30.1374459,-97.6191521
585,"11800 Pinto Circle Austin, Texas",30.2403017,-97.88926479999999
586,"Travis (TX) Austin, Texas",30.267153,-97.7430608
587,"5100 Meadow Creek Cove Austin, Texas",30.21742669999999,-97.7846943
588,"301 Congress Avenue Austin, Texas",30.265279,-97.74285019999999
589,"4523 Tannehill Austin, Texas",30.2826358,-97.66882079999999
590,"1900 East Anderson Lane Austin, Texas",30.3306051,-97.6796957
591,"13916 Briarcreek Loop Austin, Texas",30.3121093,-97.53159939999999
592,"12424 Research Austin, Texas",30.4276284,-97.7583504
593,"Thaxton Austin, Texas",30.1356654,-97.7335395
594,"1108 Christie Dr Austin, Texas",30.2681316,-97.6816673
595,"7609 Colton Bluff Spring Austin, Texas",30.154506,-97.721564
596,"Topridge Dr And Scotland Well Dr Austin, Texas",30.4327221,-97.7937603
597,"13034 Pond Springs Austin, Texas",30.4412884,-97.7738329
598,"7619 North Ih 35 Austin, Texas",30.3369532,-97.69962679999999
599,"6511 Stoneleigh Pl Austin, Texas",30.2889866,-97.7488073
600,"W Braker Ln & Renel Dr Austin, Texas",30.3854936,-97.6943775
601,"12113 Metric Blvd Austin, Texas",30.4033977,-97.6985983
602,"10704 Melloow Ln Austin, Texas",30.421979,-97.78371759999999
603,"3003 South Lamar Austin, Texas",30.2423539,-97.7832293
604,"8000 Decker Lane Austin, Texas",30.3079761,-97.6223447
605,"Battenburg Trl And Grey Castle Dr Austin, Texas",30.4239707,-97.64302239999999
606,"21024 Tx 71 Austin, Texas",30.35207309999999,-98.0632645
607,"304 Tamworth Avenue Austin, Texas",30.2096765,-97.7673287
608,"Elm Creek Dr & Nogales Trail Austin, Texas",30.1818946,-97.7666065
609,"Outside Jurisdiction Austin, Texas",30.267153,-97.7430608
610,"Fm 973 And Weberville Austin, Texas",30.2570212,-97.61187869999999
611,"1500 Fugles Grove Austin, Texas",30.267153,-97.7430608
612,"15730 North Fm 620 Austin, Texas",30.4871348,-97.7318567
613,"19429 Tayshas Street Austin, Texas",30.3523505,-97.510109
614,"E 15Th St & Waller St Austin, Texas",30.2752405,-97.72959379999999
615,"1818 Travis Heights Boulevard Austin, Texas",30.2414671,-97.74343150000001
616,"Payne Avenue Austin, Texas",30.3367808,-97.7314521
617,"3012 Guerrero Austin, Texas",30.1165397,-97.6990638
618,"Us-183 & Colton Rd Austin, Texas",30.1693938,-97.6915678
619,"12449 Fm 812 Austin, Texas",30.1329533,-97.64907149999999
620,"Tower Trail And Rayburn Ln Austin, Texas",30.2920754,-97.66885359999999
621,"Airport And 290 Austin, Texas",30.3213724,-97.6943011
622,"Pilgrims Place And Spicewood Austin, Texas",30.3715289,-97.7542473
623,"904 East Live Oak Austin, Texas",30.2388551,-97.7459354
624,"605 Thrush Austin, Texas",30.3787387,-97.6775545
625,"2200 Man O War Drive Austin, Texas",30.2172473,-97.52402620000001
626,"Lazy Creek/ Purple Sage Austin, Texas",30.3108948,-97.6578138
627,"5600 Sunny Vista Austin, Texas",30.204392,-97.8715861
628,"10300 Golden Meadow Dr Austin, Texas",30.3805639,-97.71150329999999
629,"12508 Sky Harbor Drive Austin, Texas",30.1685898,-97.6275412
630,"Outside Jurisdiction Austin, Texas",30.267153,-97.7430608
631,"1401 Manford Hill Drive Austin, Texas",30.3588053,-97.67407050000001
632,"Manor (TX) Austin, Texas",30.3407629,-97.55694559999999
633,"12798 N. 183 Austin, Texas",30.4559466,-97.79192
634,"13804 Abrahamson Cove Austin, Texas",30.214432,-97.709417
635,"9607 Research Blvd Austin, Texas",30.388946,-97.7415005
636,"7515 Timber Hills Drive Austin, Texas",30.14966549999999,-97.5846162
637,"Travis (TX) Austin, Texas",30.267153,-97.7430608
638,"8024 Cobblestone Austin, Texas",30.25454969999999,-97.88361909999999
639,"3111 Parker Ln Austin, Texas",30.22451,-97.74210699999999
640,"3499 Rr 620 Austin, Texas",30.3275754,-97.95846379999999
641,"Nw Hills Austin, Texas",30.353213,-97.7674773
642,"11307 Jim Thorpe Ln Austin, Texas",30.153655,-97.8419162
643,"4434 Frontier Trl Austin, Texas",30.23144,-97.795757
644,"9701 Beck Cir Austin, Texas",30.3753569,-97.713285
645,"1154 Richardine Ave Austin, Texas",30.2718241,-97.6859076
646,"Stonehollow Dr And Gracy Farms Austin, Texas",30.40059,-97.7077442
647,"7201 Levander Loop Austin, Texas",30.2527847,-97.6904186
648,"1300 Fort Branch Austin, Texas",30.2767301,-97.6805437
649,"10206 North Interstate 35 Frontage Road Austin, Texas",30.3666334,-97.68334490000001
650,"Ih35/ St Johns Austin, Texas",30.3336226,-97.7035035
651,"7601 Daffan Lane Austin, Texas",30.3160645,-97.62482969999999
652,"2315 Southern Oaks Dr Austin, Texas",30.2211778,-97.800705
653,"Blue Dawn Austin, Texas",30.183088,-97.7636484
654,"1513 Suffolk Austin, Texas",30.3083108,-97.6982908
655,"Steven Creek Way And Perry Rd Austin, Texas",30.2598288,-97.6845462
656,"2000 Cullen Ave Austin, Texas",30.3458042,-97.7335586
657,"2300 Sunridge Austin, Texas",30.2221393,-97.7245363
658,"8119 South Farm To Market 973 Austin, Texas",30.1391439,-97.67771570000001
659,"Shore District And Town Creek Drive Austin, Texas",30.2434696,-97.7260846
660,"East Oltorf And Sunridge Drive Austin, Texas",30.2231014,-97.7222958
661,"4106 N Lamar Blvd Austin, Texas",30.3094768,-97.7407154
662,"2308 Perry Ave #106 Austin, Texas",30.2449946,-97.76554569999999
663,"Slaughter And Brandt Austin, Texas",30.2229871,-97.6734339
664,"707 Carpenter Austin, Texas",30.3576489,-97.6993723
665,"620 And Parmer Ln Austin, Texas",30.4190955,-97.7021703
666,"Manchaca Rd And W Dittmar Rd Austin, Texas",30.1859274,-97.8162559
667,"10601 N Lamar Blvd Austin, Texas",30.373837,-97.6882187
668,"Berkman Dr And E 51St St Austin, Texas",30.30389749999999,-97.69902689999999
669,"Outside Jurisdiction Austin, Texas",30.267153,-97.7430608
670,"3700 Thompson St Austin, Texas",30.2659155,-97.69650949999999
671,"290 And Bladderstadt Austin, Texas",30.267153,-97.7430608
672,"7024 Quinton Dr Austin, Texas",30.1510942,-97.7379146
673,"13021 Dessau Road Austin, Texas",30.39715739999999,-97.6374563
674,"3522 River Rd Austin, Texas",30.3069125,-97.77364969999999
675,"9220 Ih 35 Austin, Texas",30.35794509999999,-97.6897877
676,"8417 Red Willow Austin, Texas",30.2421253,-97.89582419999999
677,"12820 North Lamar Boulevard Austin, Texas",30.4146036,-97.6776781
678,"1701 W Ben White Blvd Austin, Texas",30.2277401,-97.78528879999999
679,"3500 W Parmer Ln Austin, Texas",30.4238323,-97.70921270000001
680,"3603 Southridge Austin, Texas",30.2351992,-97.7769148
681,"41St /Duval St Austin, Texas",30.3022594,-97.7275975
682,"18304 River Timber Dr Austin, Texas",30.217294,-97.52711459999999
683,"6408 Needham Lane Austin, Texas",30.1927954,-97.8930598
684,"Del Valle (TX) Austin, Texas",30.2091069,-97.6472349
685,"Travis (TX) Austin, Texas",30.267153,-97.7430608
686,"3809 South 2Nd St Austin, Texas",30.2289452,-97.7706614
687,"150 East Riverside Drive Austin, Texas",30.2563815,-97.7445985
688,"124 West Anderson Lane Austin, Texas",30.3446809,-97.70522550000001
689,"Highway 183 And Howard Road Austin, Texas",30.2523168,-97.68
690,"12503 Tomanet Trl Austin, Texas",30.4187054,-97.7001994
691,"11717 Cambrian Road Austin, Texas",30.3714845,-97.52770699999999
692,"4404 East Oltorf Austin, Texas",30.2282631,-97.7246547
693,"10106 North Interstate 35 Frontage Road North Austin, Texas",30.3656964,-97.6843756
694,"85 Trinity St Austin, Texas",30.2612894,-97.7407578
695,"3600 South Congress Avenue Austin, Texas",30.2280506,-97.76157649999999
696,"4801 South Congress Austin, Texas",30.2133539,-97.7695363
697,"3308 Thompson St Austin, Texas",30.2669775,-97.69977519999999
698,"5702 Spoke Court Austin, Texas",30.1942771,-97.75573990000001
699,"7105 Harrington Austin, Texas",30.3552006,-97.7885355
700,"7700 Beauregard Cir Austin, Texas",30.1945218,-97.81119670000001
701,"Rollingwood & Bee Cave Rd Austin, Texas",30.2730917,-97.7984886
702,"St Merryn Street Austin, Texas",30.3473896,-97.6137139
703,"505  Delmar Avenue Austin, Texas",30.3371592,-97.70486489999999
704,"1605 Kinney Ave Austin, Texas",30.2530359,-97.7674136
705,"Springdale And 12Th Austin, Texas",30.2789614,-97.6870409
706,"2815 E Sh 71 Austin, Texas",30.1675303,-97.5254329
707,"413 Thelma Dr #A Austin, Texas",30.1932369,-97.78762429999999
708,"11212 Chatam Berry Ln Austin, Texas",30.15817539999999,-97.8438924
709,"1106 Algarita Ave Austin, Texas",30.238451,-97.7429222
710,"Snow Lane Austin, Texas",30.3430475,-97.5254924
711,"1444 Colony Creek Austin, Texas",30.36615,-97.71042159999999
712,"Outside Jurisdiction Austin, Texas",30.267153,-97.7430608
713,"1030 Norwood Park Boulevard Austin, Texas",30.3404951,-97.69136739999999
714,"1707 E 6Th St Austin, Texas",30.261496,-97.72437889999999
715,"5522 Bitterwood Austin, Texas",30.2755986,-97.6231244
716,"Brodie Lane And Alysia Austin, Texas",30.1901964,-97.8455024
717,"1412 Norseman Ter Austin, Texas",30.364953,-97.70984899999999
718,"Travis (TX) Austin, Texas",30.267153,-97.7430608
719,"40 N Ih-35 Austin, Texas",30.2551946,-97.7380125
720,"Clementine Lane Austin, Texas",30.1962177,-97.7290342
721,"Walter Vaughn Rd & Mason Stone Cv Austin, Texas",30.370457,-97.5189704
722,"2103 Nogales Austin, Texas",30.1815862,-97.7664796
723,"5401 Prock Ln. Austin, Texas",30.2674348,-97.6836178
724,"8615 Rockwood Austin, Texas",30.3683169,-97.72940679999999
725,"4514 West Gate Blvd Austin, Texas",30.2314474,-97.80089609999999
726,"18916 Fm 1431 Austin, Texas",30.4812519,-97.9384469
727,"Holly St & Chicon St Austin, Texas",30.2534948,-97.72629739999999
728,"6103 Turtle Dove Drive Austin, Texas",30.1874913,-97.7492458
729,"1620 E Riverside Austin, Texas",30.2452206,-97.7301827
730,"S Pleasant Valley Rd & E Stassney Ln Austin, Texas",30.1940034,-97.74473669999999
731,"1800 Patton Ln. Austin, Texas",30.3188588,-97.6875826
732,"8808 Little Laura Dr Austin, Texas",30.3727466,-97.73282250000001
733,"9500 Stonebridge Dr Austin, Texas",30.3690814,-97.7047377
734,"40 S Ih 35 78701 Austin, Texas",30.2552457,-97.73715039999999
735,"6803 Denorah Drive Austin, Texas",30.33147799999999,-97.7104853
736,"7000 Montana Dr Austin, Texas",30.2291402,-97.69168549999999
737,"500 East Stassney Austin, Texas",30.2035845,-97.77126640000002
738,"9937 B Quail Blvd Austin, Texas",30.3714826,-97.6996904
739,"4733 Castleman Dr Austin, Texas",30.2470982,-97.5837455
740,"5901 S First Austin, Texas",30.2044797,-97.78316559999999
741,"2504 E Stassney Austin, Texas",30.1939967,-97.7491185
742,"4106 N Lamar Blvd Austin, Texas",30.3094768,-97.7407154
743,"814 King Albert Austin, Texas",30.2035874,-97.78762429999999
744,"Del Valle (TX) Austin, Texas",30.2091069,-97.6472349
745,"2412 Melissa Oaks Ln Austin, Texas",30.159292,-97.7773909
746,"Manor (TX) Austin, Texas",30.3407629,-97.55694559999999
747,"16310 Bratton Ln Austin, Texas",30.4678277,-97.6769397
748,"Rundberg Ln Austin, Texas",30.356083,-97.6846043
749,"1200 Montopolis  Dr Austin, Texas",30.2322315,-97.6998813
750,"1014 Cripple Creek Drive Austin, Texas",30.37386769999999,-97.6979515
751,"5100 Acorn Avenue Austin, Texas",30.1946734,-97.7391877
752,"7404 Bethune Avenue Austin, Texas",30.3329236,-97.69697599999999
753,"Timber Heights Drive And Nobleman Drive Austin, Texas",30.36984009999999,-97.6500362
754,"5716 Toscana Avenue Austin, Texas",30.2882029,-97.6441095
755,"8718 Fm 812 Austin, Texas",30.1635301,-97.6902181
756,"6514 Pevensey Dr Austin, Texas",30.19955229999999,-97.7876668
757,"2111 Prather Ln Austin, Texas",30.2345118,-97.7881764
758,"605 Sundial Cove Austin, Texas",30.1812671,-97.7937397
759,"1916 Tillery Street Austin, Texas",30.2835385,-97.70223519999999
760,"Spicewood Springs & 183 Austin, Texas",30.1724504,-97.6907008
761,"7901 Cameron Rd Austin, Texas",30.3325902,-97.6852038
762,"6212 Brown Lane Austin, Texas",30.3448898,-97.67414579999999
763,"817 East St Elmo Road Austin, Texas",30.2141189,-97.7575912
764,"8206 Kearsarge Dr Austin, Texas",30.1942905,-97.82033039999999
765,"9506 Stonebridge Austin, Texas",30.3696807,-97.7044408
766,"7651 Delwau Ln Austin, Texas",30.262977,-97.6641576
767,"1156 West Cesar Chavez Street Austin, Texas",30.269764,-97.7591144
768,"Fm 969 And Johnny Morris Road Austin, Texas",30.2827895,-97.6532107
769,"10308 Burmaster Austin, Texas",30.4479047,-97.8056745
770,"Pflugerville (TX) Austin, Texas",30.4548451,-97.6222665
771,"W 45Th St & Bull Creek Rd Austin, Texas",30.3205602,-97.7534652
772,"Robert Martinez Jr St & 5Th St Austin, Texas",30.2593112,-97.7190772
773,"Bitteroot Trl And Blue Meadow Dr Austin, Texas",30.1802199,-97.7606977
774,"14407 Joy Lee Ln Manor Tx 78653 Austin, Texas",30.3675161,-97.5181037
775,"7010 W Hwy 71 Austin, Texas",30.2359738,-97.8756465
776,"20021 Wind Farm Road Austin, Texas",30.267153,-97.7430608
777,"8900 N Ih 35 Austin, Texas",30.3536404,-97.6921838
778,"1705 Frontier Valley Austin, Texas",30.2239681,-97.69564009999999
779,"7521 Marble Crest Austin, Texas",30.1639152,-97.7416915
780,"Wells Branch Parkway And Thermal Drive Austin, Texas",30.4348949,-97.6770938
781,"Cyrstal Way And Boggy Ford Road Austin, Texas",30.4249302,-98.0256496
782,"111 W 55Th St Austin, Texas",30.32053399999999,-97.7216318
783,"7201 Levander Loop Austin, Texas",30.2527847,-97.6904186
784,"1900 Tasmanian Tiger Trace Austin, Texas",30.4471574,-97.6695828
785,"9102 Shepherd Drive Austin, Texas",30.3604848,-97.6979705
786,"6301 Parmer Lane Austin, Texas",30.445215,-97.74391949999999
787,"14704 Alps Drive Austin, Texas",30.1329164,-97.61415389999999
788,"2401 S Lakeshore Blvd Unit 103 Austin, Texas",30.2431331,-97.7201575
789,"2008 East 10Th Street Austin, Texas",30.2646806,-97.7189908
790,"4606 Senda Ln Austin, Texas",30.238497,-97.57210239999999
791,"East Pheasant Drive And Oriole Drive Austin, Texas",30.36388079999999,-97.68835969999999
792,"Fm 1826 And Mopac Austin, Texas",30.3213959,-97.756187
793,"Pendernales St And  Santa Rita Austin, Texas",30.256419,-97.7158
794,"Ponca St And Vargas Rd Austin, Texas",30.2355918,-97.69256879999999
795,"3828 North Interstate 35 Frontage Road Austin, Texas",30.2953977,-97.71983929999999
796,"Caspian Dr And Alexandria Dr Austin, Texas",30.2017414,-97.8405085
797,"5006 Table Top Austin, Texas",30.1964582,-97.7427312
798,"Cromwell Austin, Texas",30.2280866,-97.7193462
799,"1208 Coaches Crossing Austin, Texas",30.4451534,-97.6567395
800,"2922 Clifford Avenue Austin, Texas",30.281916,-97.7077084
801,"12138 North Lamar Boulevard Austin, Texas",30.3990436,-97.6795458
802,"Pinedale Cv And Ashdale Austin, Texas",30.3599217,-97.7328967
803,"Alum Rock Dr Austin, Texas",30.1551727,-97.7418344
804,"1425 East Yager Lane Austin, Texas",30.3830804,-97.6558282
805,"6806 Shadywood Drive Austin, Texas",30.1937689,-97.7854586
806,"15410 Littig Rd Austin, Texas",30.3343548,-97.4928539
807,"Pflugerville (TX) Austin, Texas",30.4548451,-97.6222665
808,"3810 Manchaca Road Austin, Texas",30.2350318,-97.7854586
809,"2404 Marcus Abrams Blvd Austin, Texas",30.1535841,-97.8408537
810,"Dixie Austin, Texas",30.1685009,-97.7432516
811,"Travis (TX) Austin, Texas",30.267153,-97.7430608
812,"21 Waller Street Austin, Texas",30.2534345,-97.73317779999999
813,"1814 Bitter Creek Austin, Texas",30.186622,-97.76676619999999
814,"14716 Colt Dr Austin, Texas",30.3746624,-97.933516
815,"12414 Beartrap Lane Austin, Texas",30.4431729,-97.7680929
816,"1515 Wickersham Ln Austin, Texas",30.2349921,-97.7182435
817,"1606 Cattle Trail Austin, Texas",30.1816078,-97.8151049
818,"Ben White And S 1St Blvd Austin, Texas",30.2268486,-97.7691787
819,"1601 Faro Austin, Texas",30.2336394,-97.71135489999999
820,"Travis (TX) Austin, Texas",30.267153,-97.7430608
821,"1704 Citation Dr Austin, Texas",30.135974,-97.6757999
822,"7305 Quicksilver Circle Austin, Texas",30.17364389999999,-97.75756510000001
823,"12805 Cedar St Austin, Texas",30.3938243,-97.88403559999999
824,"Outside Jurisdiction Austin, Texas",30.267153,-97.7430608
825,"45 And 183 Austin, Texas",30.1724504,-97.6907008
826,"5800 Techni Center Dr Austin, Texas",30.2787646,-97.67184759999999
827,"White River Boulevard And Central Commerce Austin, Texas",30.4540989,-97.6559844
828,"8300 N Ih 35 Austin, Texas",30.3460048,-97.6971094
829,"12345 Dessau Austin, Texas",30.3885678,-97.6468
830,"Riverside And Congress Austin, Texas",30.25715,-97.74685749999999
831,"100 Beaver St Austin, Texas",30.3523533,-97.6999873
832,"11716 Maybach Drive Austin, Texas",30.1576386,-97.6462284
833,"7104 Grove Crest Drive Austin, Texas",30.2367344,-97.88421439999999
834,"S 5Th St And Brodie St Austin, Texas",30.246722,-97.76309499999999
835,"20620 Commons Parkway Austin, Texas",30.485433,-97.57057830000001
836,"9422 Brown Lane Austin, Texas",30.350086,-97.67081329999999
837,"J Lane And Dessau Road Austin, Texas",30.3923896,-97.6456134
838,"Burleson Rd And Montopolis Dr Austin, Texas",30.2055131,-97.7165557
839,"12518 Research Blvd Austin, Texas",30.4287546,-97.7604728
840,"15104 Apple Springs Austin, Texas",31.22404049999999,-94.9711414
841,"11501 Staked Plains Dr. Austin, Texas",30.49757919999999,-97.79337869999999
842,"9411 Fm 1625 Austin, Texas",30.1261877,-97.7101671
843,"6704 Manchaca Rd Austin, Texas",30.2055488,-97.8077347
844,"Bennet And Blackson Austin, Texas",30.3334111,-97.69893859999999
845,"18700 Dry Lake Austin, Texas",30.35161969999999,-97.80620549999999
846,"1630 Rutland Drive Austin, Texas",30.3732428,-97.7123305
847,"East Braker Lane And Ih-35 Austin, Texas",30.37713849999999,-97.67650839999999
848,"8718 Fm 812 Austin, Texas",30.1635301,-97.6902181
849,"5413 Avenue F Austin, Texas",30.31949449999999,-97.71971200000002
850,"Slaughter Ln And Ih 35 Austin, Texas",30.1669935,-97.7869383
851,"Richards Dr And E Hwy 71 Austin, Texas",30.1894507,-97.57415329999999
852,"10761 Maha Cir Austin, Texas",30.11166769999999,-97.6956817
853,"4800 Quicksilver Austin, Texas",30.1737687,-97.75697079999999
854,"6102 Manor Rd Austin, Texas",30.3081273,-97.6778089
855,"7201 Levander Loop Austin, Texas",30.2527847,-97.6904186
856,"11317 Doyle Overton Road Austin, Texas",30.0793482,-97.6391513
857,"6403 Tiner Austin, Texas",30.2876828,-97.6373852
858,"6307 Bluff Springs Road Austin, Texas",30.1916313,-97.76522729999999
859,"William Cannon Drive And Mckinney Falls Parkway Austin, Texas",30.1632324,-97.72589339999999
860,"7201 Levander Loop Austin, Texas",30.2527847,-97.6904186
861,"5055 Hwy 71 E Austin, Texas",30.188735,-97.56539760000001
862,"Oliver Loving Trl Austin, Texas",30.2234004,-97.8714868
863,"5708 Katydid Ln Austin, Texas",30.1681016,-97.749352
864,"923 Walter St Austin, Texas",30.2680173,-97.71177899999999
865,"Webberville Rd And Samuel Huston Ave Austin, Texas",30.28178509999999,-97.67763719999999
866,"East Riverside And Wickersham Lane Austin, Texas",30.2323033,-97.7203892
867,"Montopolis And Vargas Austin, Texas",30.2315403,-97.6955102
868,"600 Barwood Park Austin, Texas",30.3507625,-97.69613679999999
869,"Outside Jurisdiction Austin, Texas",30.267153,-97.7430608
870,"9701 Monarch Ln Austin, Texas",30.274863,-97.62402469999999
871,"Cameron And Reagan Hill Austin, Texas",30.3273684,-97.6913706
872,"3206 Lyons Rd Austin, Texas",30.2624355,-97.70312589999999
873,"Best Of West Austin, Texas",30.353213,-97.7674773
874,"4424 Frontier Trl Rd Austin, Texas",30.2321198,-97.7949872
875,"Ih 35 And Covington Dr Austin, Texas",30.381914,-97.67436119999999
876,"2110 Thrasher Ln #5 Austin, Texas",30.2215313,-97.7017066
877,"Del Valle (TX) Austin, Texas",30.2091069,-97.6472349
878,"4434 Frontier Trail Austin, Texas",30.23144,-97.795757
879,"W 6Th St And N Lamar Blvd Austin, Texas",30.2715396,-97.75399349999999
880,"Travis (TX) Austin, Texas",30.267153,-97.7430608
881,"2753 Citation Drive Austin, Texas",30.135974,-97.6757999
882,"4913 Hudson Bend Rd Austin, Texas",30.4115224,-97.9263143
883,"1801 Morrow St Austin, Texas",30.3490389,-97.7273065
884,"Marejada Drive And Sendero Hills Austin, Texas",30.2902771,-97.6475731
885,"88 Congress Ave Austin, Texas",30.2630383,-97.7446666
886,"13021 Legendary Austin, Texas",30.4347859,-97.7304144
887,"Bois D' Arc And Highway 290 Austin, Texas",30.349691,-97.51878
888,"1107 East Yager Lane Austin, Texas",30.3899549,-97.65841379999999
889,"7001 S Congress Ave Austin, Texas",30.1917165,-97.7788982
890,"2751 E Hwy 71 Austin, Texas",30.2105766,-97.65296599999999
891,"Ann Showers Drive And Silvia Drive Austin, Texas",30.27012599999999,-97.4686595
892,"Comal St And New York Ave Austin, Texas",30.2721527,-97.72361520000001
893,"5741 Pinon Vista Drive Austin, Texas",30.2884692,-97.64415179999999
894,"2501 Austin, Texas",30.267153,-97.7430608
895,"2110 Uphill Ln Austin, Texas",30.21937399999999,-97.695955
896,"2104 San Juan Drive Austin, Texas",30.3433299,-97.86121299999999
897,"5800 Techni Center Drive Austin, Texas",30.2787646,-97.67184759999999
898,"10801 N.Mopac Austin, Texas",30.3971595,-97.73051
899,"5006 Table Top Austin, Texas",30.1964582,-97.7427312
900,"12403 Mellow Meadow Dr Austin, Texas",30.4558406,-97.79642559999999
901,"6303 Brookside Dr Austin, Texas",30.3194893,-97.6933308
902,"1156 W Cesar Chavez St Austin, Texas",30.269764,-97.7591144
903,"Apache Shores Austin, Texas",30.3740488,-97.92115550000001
904,"1320 Oltorf Austin, Texas",30.246253,-97.768362
905,"9300 Northgate Blvd Austin, Texas",30.3734264,-97.71566059999999
906,"7201 Levander Loop Austin, Texas",30.2527847,-97.6904186
907,"Tuffit Lane And Shropshire Austin, Texas",30.3830054,-97.66052719999999
908,"1901 Montopolis Dr Austin, Texas",30.2257514,-97.7024579
909,"305 W 35Th Street Austin, Texas",30.2996622,-97.7367052
910,"2425 Ashdale Drive Austin, Texas",30.3590361,-97.7319526
911,"15323 Wells Road Austin, Texas",30.4478208,-97.6783682
912,"Riverside And Montopolis Austin, Texas",30.2248747,-97.7034758
913,"West 28Th Street And San Pedro Street Austin, Texas",30.2935142,-97.745763
914,"10513 Etta Ln Austin, Texas",30.161378,-97.8184186
915,"2109 East 12Th Street Austin, Texas",30.2739749,-97.7170817
916,"5800 W Slaughter Ln Austin, Texas",30.2025857,-97.8766669
917,"Wells Branch Pkwy & Tandem Blvd Austin, Texas",30.4415913,-97.6920633
918,"8900 North Interstate 35 Austin, Texas",30.3536404,-97.6921838
919,"12022 Lima Dr Austin, Texas",30.267153,-97.7430608
920,"N Lamar And Marrow Austin, Texas",30.3440003,-97.7150441
921,"215 Ainsworth St Austin, Texas",30.2038642,-97.77768809999999
922,"21315 Union Lee Church Road Austin, Texas",30.2536438,-97.4813416
923,"1071 Clayton Ln Apt 836 Austin, Texas",30.3187966,-97.7034652
924,"6001 Westcreek Dr Austin, Texas",30.233196,-97.84564549999999
925,"6710 Arroyo Seco Austin, Texas",30.3410398,-97.7301069
926,"4704 Rocking Chair Austin, Texas",30.19705,-97.7414369
927,"2300 Hwy 71 Austin, Texas",30.2154584,-97.66348149999999
928,"14815 Dessau Road Austin, Texas",30.42046029999999,-97.62807079999999
929,"1208 Bonnie Brae Austin, Texas",30.3583764,-97.6775121
930,"Outside Jurisdiction Austin, Texas",30.267153,-97.7430608
931,"2902 Stratford Austin, Texas",30.2828172,-97.78437579999999
932,"3005 S Lamar Blvd Austin, Texas",30.24129589999999,-97.7836964
933,"8600 Cretys Cove Austin, Texas",30.1944606,-97.8341349
934,"Slaughter Lane Austin, Texas",30.182426,-97.8473452
935,"10702 Windy Trail Austin, Texas",30.3791471,-97.6949403
936,"508 East Howard Lane Austin, Texas",30.4174193,-97.6511553
937,"1205 Fairbanks Dr Austin, Texas",30.3289999,-97.6929047
938,"1407 Newton St Austin, Texas",30.2499959,-97.75145289999999
939,"Outside Jurisdiction Austin, Texas",30.267153,-97.7430608
940,"107 E. Brenham St. Side B Austin, Texas",30.3378036,-97.5577734
941,"6807 Shadywood Dr Austin, Texas",30.1933435,-97.7850764
942,"7500 South Pleasant Valley Road Austin, Texas",30.170521,-97.7561855
943,"6600 Elm Creek Dr Austin, Texas",30.186152,-97.7627863
944,"1941 Webberville Rd Austin, Texas",30.2827529,-97.6729331
945,"619 Montopolis Austin, Texas",30.237612,-97.69485549999999
946,"Lexington St And Blake Manor Rd Austin, Texas",30.2832385,-97.5166772
947,"7811 Epping Ln Austin, Texas",30.1980888,-97.8227521
948,"Stassney Ln And Mckinney Falls Austin, Texas",30.1768058,-97.7214234
949,"East William Cannon And Bluff Springs Road Austin, Texas",30.1892393,-97.76785199999999
950,"7905 San Felipe Boulevard Austin, Texas",30.4379109,-97.7689692
951,"Ih35 And East Slaughter Lane Austin, Texas",30.1669935,-97.7869383
952,"6102 Marigold Terrace Austin, Texas",30.2313238,-97.7027442
953,"Outside Jurisdiction Austin, Texas",30.267153,-97.7430608
954,"Outside Jurisdiction Austin, Texas",30.267153,-97.7430608
955,"7307 East Riverside Drive Austin, Texas",30.2202088,-97.69380849999999
956,"Far West/ Wood Hollow Austin, Texas",30.35377,-97.75282
957,"1525 Grand Avenue Pkwy Austin, Texas",30.4551719,-97.6571422
958,"East Stassney Lane And Palo Blanco Lane Austin, Texas",30.1936306,-97.7497157
959,"W Anderson Ln And Georgian Rd Austin, Texas",30.3437783,-97.70550639999999
960,"503 Nelray Blvd Austin, Texas",30.3212784,-97.7253229
961,"2300 East Cesar Chavez Austin, Texas",30.2553589,-97.71907569999999
962,"Travis (TX) Austin, Texas",30.267153,-97.7430608
963,"5700 West Us 290 Austin, Texas",30.2372443,-97.84498669999999
964,"Outside Jurisdiction Austin, Texas",30.267153,-97.7430608
965,"201 E 4Th St #224 Austin, Texas",30.2663351,-97.74138429999999
966,"1401 Meander Austin, Texas",30.2787612,-97.68008789999999
967,"12214 Fay St Austin, Texas",30.1636512,-97.7984729
968,"1156 West Cesar Chavez Austin, Texas",30.269764,-97.7591144
969,"Del Valle (TX) Austin, Texas",30.2091069,-97.6472349
970,"Manor (TX) Austin, Texas",30.3407629,-97.55694559999999
971,"12800 Harrisgleen Dr Austin, Texas",30.4007398,-97.6530732
972,"1430 Wbberville Rd Austin, Texas",30.2801154,-97.6804801
973,"7201 Levander Loop Austin, Texas",30.2527847,-97.6904186
974,"Wisteria Valley Austin, Texas",30.1864217,-97.9214964
975,"404 W Powell Austin, Texas",30.3493663,-97.70471649999999
976,"East St Elmo Austin, Texas",30.2112363,-97.7495916
977,"102 Home Place Austin, Texas",30.3556886,-97.69599
978,"2101 South Lakeline Boulevard Austin, Texas",30.4764972,-97.82330259999999
979,"115 Heritage Drive Austin, Texas",30.2025431,-97.98791899999999
980,"2100 Wickersham Austin, Texas",30.231526,-97.720884
981,"11200 N Lamar Blvd Austin, Texas",30.3815873,-97.6872463
982,"3017 E 18Th St Austin, Texas",30.2807938,-97.70397419999999
983,"8728 North Lamar Boulevard Austin, Texas",30.3563387,-97.70223519999999
984,"North Interstate 35 Frontage Road And Ruby Drive Austin, Texas",30.372981,-97.678291
985,"9209 Quail Cv Austin, Texas",30.3628694,-97.7000297
986,"13408 Frostdale Dr Austin, Texas",30.5209449,-97.8793244
987,"1615 Strickland Austin, Texas",30.1820728,-97.8146847
988,"William Cannon And Running Water Austin, Texas",30.16662609999999,-97.7368116
989,"5201 Ross Rd Austin, Texas",30.18012419999999,-97.61226889999999
990,"18000 Majestic Elm Austin, Texas",30.2197075,-97.7877292
991,"Lamar And Riverside Austin, Texas",30.264439,-97.7570733
992,"5410 Porsche Lane Austin, Texas",30.2329115,-97.85020379999999
993,"6103 Dooley Trail Austin, Texas",30.2899083,-97.6386852
994,"3010 Meldrom St Austin, Texas",30.267153,-97.7430608
995,"St Johns And North Crest Austin, Texas",30.3423028,-97.7065896
996,"4407 Dove Dr Austin, Texas",30.1901417,-97.7514104
997,"Windmill Ranch Austin, Texas",30.4913628,-97.5721355
998,"1406 Demaret St Austin, Texas",30.4466366,-97.6604273
999,"2525 S Lakeshore Austin, Texas",30.2425924,-97.718312
